id;nome;cpf
1;pfft;"603.407.036-76"
2;mês drat sympathetically;"264.369.457-53"
3;urso mochila geez;"881.951.224-18"
4;barring hm er;"088.103.704-31"
5;considering tigre;"537.360.112-15"
6;quirkily;"050.781.500-17"
7;smoothly;"357.523.720-78"
8;per;"203.591.338-74"
9;barring;"084.981.353-64"
10;atmosfera saudável otimista;"888.968.032-64"
11;artístico ugh opposite;"992.886.764-04"
12;until link after;"419.526.493-62"
13;whenever athwart;"665.333.158-13"
14;than given;"643.162.769-10"
15;colher;"701.035.880-62"
16;astride;"712.383.127-64"
17;fechado bicho since;"924.547.455-35"
18;telefone mid;"646.957.367-63"
19;blah seriously;"318.605.169-21"
20;considering;"447.838.717-59"
21;as;"395.821.925-97"
22;voluntarily;"367.685.059-90"
23;ack;"810.279.717-54"
24;deslogar while;"448.945.581-47"
25;outside grande acusar;"074.042.944-45"
26;constituição fosco recusar;"517.834.502-09"
27;gah caminhão hmph;"319.127.199-79"
28;so um;"005.837.886-84"
29;under escutar;"159.347.090-90"
30;even pagar;"588.601.349-46"
